{
  "Monday": {
    "date": "2026-02-09",
    "commits_this_year": 26
  },
  "Tuesday": {
    "date": "2026-02-10",
    "commits_this_year": 26
  },
  "Wednesday": {
    "date": "2026-02-04",
    "commits_this_year": 0
  },
  "Thursday": {
    "date": "2026-02-05",
    "commits_this_year": 21
  },
  "Friday": {
    "date": "2026-02-06",
    "commits_this_year": 24
  },
  "Saturday": {
    "date": "2026-02-07",
    "commits_this_year": 26
  },
  "Sunday": {
    "date": "2026-02-08",
    "commits_this_year": 28
  }
}